,name,PGR_uni_raw,PGR_uni_rem,PGR_uni_low,PGR_bi_raw,PGR_bi_rem,PGR_bi_low,diff_uni,diff_uni_low,diff_bi,diff_bi_low,uni_perc_low_change,uni_perc_rem_change,bi_perc_low_change,bi_perc_rem_change
0,A,0.2691552492583371,0.282480397000171,0.274919324008001,0.14925385244522876,0.14925385244522876,0.14925385244522876,-0.01332514774183391,0.11990139681310835,-0.12566547156277225,0.0,44.547300170997644,4.9507292830259235,0.0,84.19579763201578
1,B,0.1690218514999909,0.17738949576856117,0.1726408540767089,0.14925385244522876,0.14925385244522876,0.14925385244522876,-0.008367644268570257,0.019767999054762148,-0.023387001631480137,0.0,11.695528642793983,4.950628687540266,0.0,15.66927837930508
2,C,0.12292829367949909,0.12901397384445298,0.12556016868918382,0.19154230874087147,0.21268653688869288,0.20000000000000004,-0.006085680164953894,-0.08975824320919379,0.06598214005168765,-0.008457691259128569,73.01674864471245,4.9505935393690494,4.415573412853961,34.44781494252101
3,D,0.22198346643569228,0.18346642315571796,0.20532371308983877,0.2549749931843356,0.21268653688869288,0.23805961066607853,0.03851704327997432,0.0092969295469994,0.04965128009449682,0.016915382518257055,4.188118014497572,17.351311743360203,6.634133923097307,19.47299987124665
4,E,0.21691113912648058,0.22764971023109695,0.22155594013626756,0.2549749931843356,0.27611922133215694,0.2634326844434642,-0.010738571104616373,-0.05920808220567636,0.033419053048068026,-0.008457691259128597,27.296008146060313,4.950677566796018,3.3170669615486807,13.106796329594383
